[{"path": "xxyz0.md", "ident": "xxyz0", "title": "How do I sign the app"}, {"path": "menubar.md", "ident": "menubar", "title": "How do I (programmatically) modify the menubar"}, {"path": "newnewwindow.md", "ident": "newnewwindow", "title": "How can I insert a `New Window` entry into my custom storyboard MainMenu?"}, {"path": "xxyz1.md", "ident": "xxyz1", "title": "How do I create a toolbar"}, {"path": "xxyz2.md", "ident": "xxyz2", "title": "How do I modify the looks of the Window (for example, hide the title)"}, {"path": "xxyz3.md", "ident": "xxyz3", "title": "How do I add TouchBar support?"}, {"path": "xxyz4.md", "ident": "xxyz4", "title": "How do I use the cool TouchBar images that Apple provides with AppKit"}, {"path": "update_touchbar.md", "ident": "update_touchbar", "title": "How do I dynamically update the contents of my touchbar?"}, {"path": "xxyz5.md", "ident": "xxyz5", "title": "How do I nest touchbars?"}, {"path": "xxyz6.md", "ident": "xxyz6", "title": "How do I create a sidebar"}, {"path": "xxyz7.md", "ident": "xxyz7", "title": "How do I create context menus"}, {"path": "xxyz8.md", "ident": "xxyz8", "title": "How do I support keyboard shortcuts?"}, {"path": "xxyz9.md", "ident": "xxyz9", "title": "How do I implement drag and drop"}, {"path": "xxyz10.md", "ident": "xxyz10", "title": "How do I create file open / save / export / import dialogs"}, {"path": "sandbox.md", "ident": "sandbox", "title": "What is the macOS sandbox?"}, {"path": "xxyz11.md", "ident": "xxyz11", "title": "How do I support dark mode"}, {"path": "multiwindow.md", "ident": "multiwindow", "title": "How do I support multiple windows"}, {"path": "multidifwindow.md", "ident": "multidifwindow", "title": "How do I support multiple *different* windows"}, {"path": "scenedelegate.md", "ident": "scenedelegate", "title": "How do I create a scene delegate"}, {"path": "xxyz12.md", "ident": "xxyz12", "title": "How do I support mouse hovering"}, {"path": "xxyz13.md", "ident": "xxyz13", "title": "How do I write code that only runs on macOS?"}, {"path": "xxyz14.md", "ident": "xxyz14", "title": "How does the iOS app lifecycle work on macOS?"}, {"path": "xxyz15.md", "ident": "xxyz15", "title": "How do I implement preferences on macOS"}, {"path": "xxyz16.md", "ident": "xxyz16", "title": "How do I implement preferences with additional logic?"}, {"path": "xxyz17.md", "ident": "xxyz17", "title": "How do I support macOS icons"}, {"path": "xxyz18.md", "ident": "xxyz18", "title": "What are some coding best practices for macOS support"}, {"path": "xxyz19.md", "ident": "xxyz19", "title": "What are some design best practices for macOS support"}, {"path": "xxyz20.md", "ident": "xxyz20", "title": "How do I enable / disable menubar items based on whats visible on screen?"}, {"path": "xxyz21.md", "ident": "xxyz21", "title": "How do I enable / disable toolbar items based on whats visible on screen?"}, {"path": "xxyz22.md", "ident": "xxyz22", "title": "How do I enable / disable touchbar items based on whats visible on screen?"}, {"path": "responderchain.md", "ident": "responderchain", "title": "What is the responder chain?"}, {"path": "xxyz23.md", "ident": "xxyz23", "title": "What are some issues that I will run into?"}, {"path": "bridgingheader.md", "ident": "bridgingheader", "title": "NSTouchbar and NSToolbar require a bridging header import in beta 2"}, {"path": "xxyz24.md", "ident": "xxyz24", "title": "My app crashes when I close a window"}]